{
  "directory": [
    
  ],
  "sql_file": "",
  "files": [

    {
      "root_directory": "update/update_5.1.1/controllers/admin.php",
      "update_directory": "application/controllers/admin.php"
    },
    {
      "root_directory": "update/update_5.1.1/controllers/teacher.php",
      "update_directory": "application/controllers/teacher.php"
    },

    {
      "root_directory": "update/update_5.1.1/models/Crud_model.php",
      "update_directory": "application/models/Crud_model.php"
    },
    {
      "root_directory": "update/update_5.1.1/views/admin/modal_view_invoice.php",
      "update_directory": "application/views/backend/admin/modal_view_invoice.php"
    },
    {
      "root_directory": "update/update_5.1.1/views/admin/modal_view_notice.php",
      "update_directory": "application/views/backend/admin/modal_view_notice.php"
    },
    {
      "root_directory": "update/update_5.1.1/views/admin/question_paper_view.php",
      "update_directory": "application/views/backend/admin/question_paper_view.php"
    },

    {
      "root_directory": "update/update_5.1.1/views/teacher/modal_view_notice.php",
      "update_directory": "application/views/backend/teacher/modal_view_notice.php"
    },
    {
      "root_directory": "update/update_5.1.1/views/teacher/question_paper_view.php",
      "update_directory": "application/views/backend/teacher/question_paper_view.php"
    },


    {
      "root_directory": "update/update_5.1.1/views/teacher/academic_syllabus_add.php",
      "update_directory": "application/views/backend/teacher/academic_syllabus_add.php"
    },
    {
      "root_directory": "update/update_5.1.1/views/teacher/academic_syllabus.php",
      "update_directory": "application/views/backend/teacher/academic_syllabus.php"
    },

    {
      "root_directory": "update/update_5.1.1/views/teacher/manage_attendance_view.php",
      "update_directory": "application/views/backend/teacher/manage_attendance_view.php"
    },

    {
      "root_directory": "update/update_5.1.1/views/teacher/manage_attendance.php",
      "update_directory": "application/views/backend/teacher/manage_attendance.php"
    },

    {
      "root_directory": "update/update_5.1.1/views/teacher/marks_manage.php",
      "update_directory": "application/views/backend/teacher/marks_manage.php"
    },

    {
      "root_directory": "update/update_5.1.1/views/teacher/modal_study_material_add.php",
      "update_directory": "application/views/backend/teacher/modal_study_material_add.php"
    },

    {
      "root_directory": "update/update_5.1.1/views/teacher/modal_study_material_edit.php",
      "update_directory": "application/views/backend/teacher/modal_study_material_edit.php"
    },

    {
      "root_directory": "update/update_5.1.1/views/teacher/navigation.php",
      "update_directory": "application/views/backend/teacher/navigation.php"
    },

    {
      "root_directory": "update/update_5.1.1/views/teacher/question_paper_add.php",
      "update_directory": "application/views/backend/teacher/question_paper_add.php"
    },

    {
      "root_directory": "update/update_5.1.1/views/teacher/question_paper_edit.php",
      "update_directory": "application/views/backend/teacher/question_paper_edit.php"
    },

    {
      "root_directory": "update/update_5.1.1/views/teacher/subject.php",
      "update_directory": "application/views/backend/teacher/subject.php"
    },








    {
      "root_directory": "update/update_5.1.1/views/student/modal_view_notice.php",
      "update_directory": "application/views/backend/student/modal_view_notice.php"
    },

    {
      "root_directory": "update/update_5.1.1/views/parent/modal_view_notice.php",
      "update_directory": "application/views/backend/parent/modal_view_notice.php"
    },

    {
      "root_directory": "update/update_5.1.1/views/accountant/modal_view_invoice.php",
      "update_directory": "application/views/backend/accountant/modal_view_invoice.php"
    },
    {
      "root_directory": "update/update_5.1.1/views/admin/print_id.php",
      "update_directory": "application/views/backend/admin/print_id.php"
    },
    {
      "root_directory": "update/update_5.1.1/views/admin/student_id.php",
      "update_directory": "application/views/backend/admin/student_id.php"
    },
    {
      "root_directory": "update/update_5.1.1/views/admin/modal_edit_book.php",
      "update_directory": "application/views/backend/admin/modal_edit_book.php"
    },
    {
      "root_directory": "update/update_5.1.1/views/librarian/book_edit.php",
      "update_directory": "application/views/backend/librarian/book_edit.php"
    },
    {
      "root_directory": "update/update_5.1.1/views/librarian/book.php",
      "update_directory": "application/views/backend/librarian/book.php"
    },
    {
      "root_directory": "update/update_5.1.1/others/font/Arial.ttf",
      "update_directory": "assets/barcode/font/Arial.ttf"
    },
    {
      "root_directory": "update/update_5.1.1/views/footer.php",
      "update_directory": "application/views/backend/footer.php"
    }
  ]
}
